offset,field,kind,unique_count,unique_values,min,max,frequency,ALL EMPTY.syx unique_values,ALL EMPTY.syx frequency,ALL EMPTY.syx min,ALL EMPTY.syx max,ALL INIT SAW.syx unique_values,ALL INIT SAW.syx frequency,ALL INIT SAW.syx min,ALL INIT SAW.syx max,Synthmania-EDM-Soundset-JT-4000.syx unique_values,Synthmania-EDM-Soundset-JT-4000.syx frequency,Synthmania-EDM-Soundset-JT-4000.syx min,Synthmania-EDM-Soundset-JT-4000.syx max
0x00,OSC1 Wave,LIKELY_ENUM,7,00 02 03 04 05 06 07,0x00,0x07,00:32 02:3 03:3 04:43 05:6 06:7 07:2,00,00:32,0x00,0x00,04,04:32,0x04,0x04,02 03 04 05 06 07,02:3 03:3 04:11 05:6 06:7 07:2,0x02,0x07
0x01,OSC2 Wave,LIKELY_ENUM,5,00 01 02 03 04,0x00,0x04,00:74 01:6 02:2 03:7 04:7,00,00:32,0x00,0x00,00,00:32,0x00,0x00,00 01 02 03 04,00:10 01:6 02:2 03:7 04:7,0x00,0x04
0x02,OSC1 PWM / Detune / FM,LIKELY_CONTINUOUS,21,00 01 0A 11 13 19 1D 20 2F 34 38 3C 40 43 47 4E 4F 52 54 56 5B,0x00,0x5B,00:12 01:1 0A:1 11:2 13:1 19:1 1D:1 20:1 2F:1 34:64 38:1 3C:1 40:1 43:1 47:1 4E:1 4F:1 52:1 54:1 56:1 5B:1,34,34:32,0x34,0x34,34,34:32,0x34,0x34,00 01 0A 11 13 19 1D 20 2F 38 3C 40 43 47 4E 4F 52 54 56 5B,00:12 01:1 0A:1 11:2 13:1 19:1 1D:1 20:1 2F:1 38:1 3C:1 40:1 43:1 47:1 4E:1 4F:1 52:1 54:1 56:1 5B:1,0x00,0x5B
0x03,OSC2 PWM,LIKELY_CONTINUOUS,15,00 05 07 0A 13 14 1C 2A 2B 30 33 37 39 49 4C,0x00,0x4C,00:81 05:1 07:1 0A:1 13:1 14:1 1C:2 2A:1 2B:1 30:1 33:1 37:1 39:1 49:1 4C:1,00,00:32,0x00,0x00,00,00:32,0x00,0x00,00 05 07 0A 13 14 1C 2A 2B 30 33 37 39 49 4C,00:17 05:1 07:1 0A:1 13:1 14:1 1C:2 2A:1 2B:1 30:1 33:1 37:1 39:1 49:1 4C:1,0x00,0x4C
0x04,OSC1 Coarse,LIKELY_CONTINUOUS,8,00 01 04 05 07 09 0C 18,0x00,0x18,00:80 01:1 04:1 05:1 07:1 09:1 0C:9 18:2,00,00:32,0x00,0x00,00,00:32,0x00,0x00,00 01 04 05 07 09 0C 18,00:16 01:1 04:1 05:1 07:1 09:1 0C:9 18:2,0x00,0x18
0x05,OSC1 Fine,LIKELY_CONTINUOUS,16,00 02 06 09 0A 0B 0C 0D 0F 12 13 16 22 25 27 39,0x00,0x39,00:80 02:2 06:1 09:1 0A:1 0B:1 0C:1 0D:1 0F:1 12:1 13:1 16:1 22:1 25:1 27:1 39:1,00,00:32,0x00,0x00,00,00:32,0x00,0x00,00 02 06 09 0A 0B 0C 0D 0F 12 13 16 22 25 27 39,00:16 02:2 06:1 09:1 0A:1 0B:1 0C:1 0D:1 0F:1 12:1 13:1 16:1 22:1 25:1 27:1 39:1,0x00,0x39
0x06,OSC2 Coarse,LIKELY_CONTINUOUS,7,00 05 0A 0C 11 15 18,0x00,0x18,00:80 05:2 0A:1 0C:5 11:1 15:1 18:6,00,00:32,0x00,0x00,00,00:32,0x00,0x00,00 05 0A 0C 11 15 18,00:16 05:2 0A:1 0C:5 11:1 15:1 18:6,0x00,0x18
0x07,OSC2 Fine,LIKELY_CONTINUOUS,12,00 01 02 03 05 08 0A 0D 14 16 17 19,0x00,0x19,00:20 01:1 02:1 03:66 05:1 08:1 0A:1 0D:1 14:1 16:1 17:1 19:1,03,03:32,0x03,0x03,03,03:32,0x03,0x03,00 01 02 03 05 08 0A 0D 14 16 17 19,00:20 01:1 02:1 03:2 05:1 08:1 0A:1 0D:1 14:1 16:1 17:1 19:1,0x00,0x19
0x08,OSC Balance,LIKELY_CONTINUOUS,9,40 5B 5F 60 61 67 6B 74 77,0x40,0x77,40:64 5B:1 5F:24 60:1 61:1 67:2 6B:1 74:1 77:1,40,40:32,0x40,0x40,40,40:32,0x40,0x40,5B 5F 60 61 67 6B 74 77,5B:1 5F:24 60:1 61:1 67:2 6B:1 74:1 77:1,0x5B,0x77
0x09,Byte 0x09,UNKNOWN,1,00,0x00,0x00,00:96,00,00:32,0x00,0x00,00,00:32,0x00,0x00,00,00:32,0x00,0x00
0x0A,Byte 0x0A,UNKNOWN,1,00,0x00,0x00,00:96,00,00:32,0x00,0x00,00,00:32,0x00,0x00,00,00:32,0x00,0x00
0x0B,Byte 0x0B,UNKNOWN,1,00,0x00,0x00,00:96,00,00:32,0x00,0x00,00,00:32,0x00,0x00,00,00:32,0x00,0x00
0x0C,Filter Frequency,LIKELY_CONTINUOUS,26,00 05 08 09 0E 0F 17 19 1A 1D 1F 23 25 27 2A 2D 34 37 38 3E 42 43 44 47 50 63,0x00,0x63,00:1 05:1 08:1 09:1 0E:4 0F:1 17:1 19:1 1A:1 1D:2 1F:1 23:1 25:1 27:2 2A:1 2D:2 34:1 37:1 38:1 3E:64 42:1 43:1 44:1 47:1 50:1 63:2,3E,3E:32,0x3E,0x3E,3E,3E:32,0x3E,0x3E,00 05 08 09 0E 0F 17 19 1A 1D 1F 23 25 27 2A 2D 34 37 38 42 43 44 47 50 63,00:1 05:1 08:1 09:1 0E:4 0F:1 17:1 19:1 1A:1 1D:2 1F:1 23:1 25:1 27:2 2A:1 2D:2 34:1 37:1 38:1 42:1 43:1 44:1 47:1 50:1 63:2,0x00,0x63
0x0D,Filter Resonance,LIKELY_CONTINUOUS,23,00 0E 10 12 18 1A 2A 2F 33 38 3D 40 42 43 44 45 4A 55 5A 5C 60 62 63,0x00,0x63,00:68 0E:2 10:1 12:1 18:1 1A:1 2A:1 2F:1 33:1 38:1 3D:2 40:1 42:1 43:1 44:1 45:1 4A:1 55:1 5A:1 5C:1 60:1 62:1 63:5,00,00:32,0x00,0x00,00,00:32,0x00,0x00,00 0E 10 12 18 1A 2A 2F 33 38 3D 40 42 43 44 45 4A 55 5A 5C 60 62 63,00:4 0E:2 10:1 12:1 18:1 1A:1 2A:1 2F:1 33:1 38:1 3D:2 40:1 42:1 43:1 44:1 45:1 4A:1 55:1 5A:1 5C:1 60:1 62:1 63:5,0x00,0x63
0x0E,VCF Attack,LIKELY_CONTINUOUS,20,00 0A 10 11 16 1B 1C 1F 20 25 29 34 3A 3B 3F 43 4A 53 54 60,0x00,0x60,00:77 0A:1 10:1 11:1 16:1 1B:1 1C:1 1F:1 20:1 25:1 29:1 34:1 3A:1 3B:1 3F:1 43:1 4A:1 53:1 54:1 60:1,00,00:32,0x00,0x00,00,00:32,0x00,0x00,00 0A 10 11 16 1B 1C 1F 20 25 29 34 3A 3B 3F 43 4A 53 54 60,00:13 0A:1 10:1 11:1 16:1 1B:1 1C:1 1F:1 20:1 25:1 29:1 34:1 3A:1 3B:1 3F:1 43:1 4A:1 53:1 54:1 60:1,0x00,0x60
0x0F,VCF Decay,LIKELY_CONTINUOUS,22,00 08 09 0A 11 12 18 19 1A 20 21 24 26 2A 2D 2F 32 34 3B 43 57 63,0x00,0x63,00:67 08:2 09:1 0A:1 11:2 12:2 18:1 19:1 1A:1 20:2 21:1 24:1 26:1 2A:2 2D:2 2F:1 32:1 34:1 3B:1 43:1 57:1 63:3,00,00:32,0x00,0x00,00,00:32,0x00,0x00,00 08 09 0A 11 12 18 19 1A 20 21 24 26 2A 2D 2F 32 34 3B 43 57 63,00:3 08:2 09:1 0A:1 11:2 12:2 18:1 19:1 1A:1 20:2 21:1 24:1 26:1 2A:2 2D:2 2F:1 32:1 34:1 3B:1 43:1 57:1 63:3,0x00,0x63
0x10,VCF Sustain,LIKELY_CONTINUOUS,17,00 01 02 04 05 07 09 16 18 1A 1B 1C 21 29 2A 4A 63,0x00,0x63,00:75 01:1 02:1 04:2 05:2 07:1 09:2 16:1 18:2 1A:1 1B:1 1C:1 21:1 29:1 2A:1 4A:1 63:2,00,00:32,0x00,0x00,00,00:32,0x00,0x00,00 01 02 04 05 07 09 16 18 1A 1B 1C 21 29 2A 4A 63,00:11 01:1 02:1 04:2 05:2 07:1 09:2 16:1 18:2 1A:1 1B:1 1C:1 21:1 29:1 2A:1 4A:1 63:2,0x00,0x63
0x11,VCF Release,LIKELY_CONTINUOUS,27,00 02 08 0B 0C 10 13 15 1A 1E 1F 25 28 29 2A 2C 32 39 3B 3E 42 43 44 45 46 4E 63,0x00,0x63,00:67 02:2 08:1 0B:1 0C:1 10:1 13:1 15:1 1A:1 1E:1 1F:1 25:1 28:1 29:1 2A:1 2C:1 32:3 39:1 3B:1 3E:1 42:1 43:1 44:1 45:1 46:1 4E:1 63:1,00,00:32,0x00,0x00,00,00:32,0x00,0x00,00 02 08 0B 0C 10 13 15 1A 1E 1F 25 28 29 2A 2C 32 39 3B 3E 42 43 44 45 46 4E 63,00:3 02:2 08:1 0B:1 0C:1 10:1 13:1 15:1 1A:1 1E:1 1F:1 25:1 28:1 29:1 2A:1 2C:1 32:3 39:1 3B:1 3E:1 42:1 43:1 44:1 45:1 46:1 4E:1 63:1,0x00,0x63
0x12,VCA Attack,LIKELY_CONTINUOUS,18,00 08 0A 0B 10 12 16 19 1B 1D 24 26 27 2A 31 32 43 48,0x00,0x48,00:79 08:1 0A:1 0B:1 10:1 12:1 16:1 19:1 1B:1 1D:1 24:1 26:1 27:1 2A:1 31:1 32:1 43:1 48:1,00,00:32,0x00,0x00,00,00:32,0x00,0x00,00 08 0A 0B 10 12 16 19 1B 1D 24 26 27 2A 31 32 43 48,00:15 08:1 0A:1 0B:1 10:1 12:1 16:1 19:1 1B:1 1D:1 24:1 26:1 27:1 2A:1 31:1 32:1 43:1 48:1,0x00,0x48
0x13,VCA Decay,LIKELY_CONTINUOUS,20,00 10 1D 22 23 25 29 2A 30 32 35 3E 3F 42 43 46 48 49 4C 63,0x00,0x63,00:66 10:1 1D:1 22:1 23:1 25:2 29:1 2A:1 30:2 32:3 35:1 3E:2 3F:1 42:1 43:1 46:1 48:1 49:1 4C:1 63:7,00,00:32,0x00,0x00,00,00:32,0x00,0x00,00 10 1D 22 23 25 29 2A 30 32 35 3E 3F 42 43 46 48 49 4C 63,00:2 10:1 1D:1 22:1 23:1 25:2 29:1 2A:1 30:2 32:3 35:1 3E:2 3F:1 42:1 43:1 46:1 48:1 49:1 4C:1 63:7,0x00,0x63
0x14,VCA Sustain,LIKELY_CONTINUOUS,21,00 07 0E 11 13 1D 22 25 2B 30 31 38 3C 45 4D 53 57 58 5A 5C 63,0x00,0x63,00:5 07:1 0E:1 11:1 13:1 1D:1 22:1 25:1 2B:1 30:1 31:1 38:1 3C:1 45:1 4D:1 53:1 57:1 58:1 5A:1 5C:1 63:72,63,63:32,0x63,0x63,63,63:32,0x63,0x63,00 07 0E 11 13 1D 22 25 2B 30 31 38 3C 45 4D 53 57 58 5A 5C 63,00:5 07:1 0E:1 11:1 13:1 1D:1 22:1 25:1 2B:1 30:1 31:1 38:1 3C:1 45:1 4D:1 53:1 57:1 58:1 5A:1 5C:1 63:8,0x00,0x63
0x15,VCA Release,LIKELY_CONTINUOUS,21,00 0E 12 15 16 24 25 26 27 29 2A 2B 2C 2D 2E 33 36 3B 43 44 4C,0x00,0x4C,00:65 0E:1 12:2 15:1 16:1 24:2 25:1 26:2 27:2 29:1 2A:1 2B:1 2C:3 2D:1 2E:3 33:1 36:1 3B:1 43:3 44:2 4C:1,00,00:32,0x00,0x00,00,00:32,0x00,0x00,00 0E 12 15 16 24 25 26 27 29 2A 2B 2C 2D 2E 33 36 3B 43 44 4C,00:1 0E:1 12:2 15:1 16:1 24:2 25:1 26:2 27:2 29:1 2A:1 2B:1 2C:3 2D:1 2E:3 33:1 36:1 3B:1 43:3 44:2 4C:1,0x00,0x4C
0x16,VCF Amount,LIKELY_CONTINUOUS,28,00 04 05 06 09 0E 0F 10 13 15 18 1B 1C 20 27 2A 2C 2D 32 34 36 40 46 48 49 59 5C 63,0x00,0x63,00:65 04:1 05:1 06:1 09:1 0E:1 0F:1 10:1 13:1 15:1 18:1 1B:1 1C:1 20:3 27:1 2A:1 2C:1 2D:1 32:2 34:1 36:1 40:1 46:1 48:1 49:2 59:1 5C:1 63:1,00,00:32,0x00,0x00,00,00:32,0x00,0x00,00 04 05 06 09 0E 0F 10 13 15 18 1B 1C 20 27 2A 2C 2D 32 34 36 40 46 48 49 59 5C 63,00:1 04:1 05:1 06:1 09:1 0E:1 0F:1 10:1 13:1 15:1 18:1 1B:1 1C:1 20:3 27:1 2A:1 2C:1 2D:1 32:2 34:1 36:1 40:1 46:1 48:1 49:2 59:1 5C:1 63:1,0x00,0x63
0x17,Byte 0x17,UNKNOWN,1,00,0x00,0x00,00:96,00,00:32,0x00,0x00,00,00:32,0x00,0x00,00,00:32,0x00,0x00
0x18,Byte 0x18,UNKNOWN,1,00,0x00,0x00,00:96,00,00:32,0x00,0x00,00,00:32,0x00,0x00,00,00:32,0x00,0x00
0x19,Byte 0x19,UNKNOWN,1,00,0x00,0x00,00:96,00,00:32,0x00,0x00,00,00:32,0x00,0x00,00,00:32,0x00,0x00
0x1A,Byte 0x1A,UNKNOWN,1,00,0x00,0x00,00:96,00,00:32,0x00,0x00,00,00:32,0x00,0x00,00,00:32,0x00,0x00
0x1B,Byte 0x1B,UNKNOWN,1,00,0x00,0x00,00:96,00,00:32,0x00,0x00,00,00:32,0x00,0x00,00,00:32,0x00,0x00
0x1C,Byte 0x1C,UNKNOWN,1,00,0x00,0x00,00:96,00,00:32,0x00,0x00,00,00:32,0x00,0x00,00,00:32,0x00,0x00
0x1D,Byte 0x1D,UNKNOWN,1,00,0x00,0x00,00:96,00,00:32,0x00,0x00,00,00:32,0x00,0x00,00,00:32,0x00,0x00
0x1E,Byte 0x1E,UNKNOWN,1,00,0x00,0x00,00:96,00,00:32,0x00,0x00,00,00:32,0x00,0x00,00,00:32,0x00,0x00
0x1F,Byte 0x1F,UNKNOWN,1,00,0x00,0x00,00:96,00,00:32,0x00,0x00,00,00:32,0x00,0x00,00,00:32,0x00,0x00
0x20,Byte 0x20,UNKNOWN,1,00,0x00,0x00,00:96,00,00:32,0x00,0x00,00,00:32,0x00,0x00,00,00:32,0x00,0x00
0x21,Byte 0x21,UNKNOWN,1,00,0x00,0x00,00:96,00,00:32,0x00,0x00,00,00:32,0x00,0x00,00,00:32,0x00,0x00
0x22,Byte 0x22,UNKNOWN,1,00,0x00,0x00,00:96,00,00:32,0x00,0x00,00,00:32,0x00,0x00,00,00:32,0x00,0x00
0x23,Byte 0x23,UNKNOWN,1,00,0x00,0x00,00:96,00,00:32,0x00,0x00,00,00:32,0x00,0x00,00,00:32,0x00,0x00
0x24,Byte 0x24,UNKNOWN,1,00,0x00,0x00,00:96,00,00:32,0x00,0x00,00,00:32,0x00,0x00,00,00:32,0x00,0x00
0x25,Byte 0x25,UNKNOWN,1,00,0x00,0x00,00:96,00,00:32,0x00,0x00,00,00:32,0x00,0x00,00,00:32,0x00,0x00
0x26,Byte 0x26,UNKNOWN,1,00,0x00,0x00,00:96,00,00:32,0x00,0x00,00,00:32,0x00,0x00,00,00:32,0x00,0x00
0x27,Byte 0x27,UNKNOWN,1,00,0x00,0x00,00:96,00,00:32,0x00,0x00,00,00:32,0x00,0x00,00,00:32,0x00,0x00
0x28,Byte 0x28,UNKNOWN,1,00,0x00,0x00,00:96,00,00:32,0x00,0x00,00,00:32,0x00,0x00,00,00:32,0x00,0x00
0x29,Byte 0x29,UNKNOWN,1,00,0x00,0x00,00:96,00,00:32,0x00,0x00,00,00:32,0x00,0x00,00,00:32,0x00,0x00
0x2A,Byte 0x2A,UNKNOWN,1,00,0x00,0x00,00:96,00,00:32,0x00,0x00,00,00:32,0x00,0x00,00,00:32,0x00,0x00
0x2B,Ring Mod On/Off,LIKELY_ENUM,2,00 01,0x00,0x01,00:91 01:5,00,00:32,0x00,0x00,00,00:32,0x00,0x00,00 01,00:27 01:5,0x00,0x01
0x2C,Ring Mod Amount,LIKELY_CONTINUOUS,10,00 0F 16 1E 23 2C 3E 47 53 63,0x00,0x63,00:87 0F:1 16:1 1E:1 23:1 2C:1 3E:1 47:1 53:1 63:1,00,00:32,0x00,0x00,00,00:32,0x00,0x00,00 0F 16 1E 23 2C 3E 47 53 63,00:23 0F:1 16:1 1E:1 23:1 2C:1 3E:1 47:1 53:1 63:1,0x00,0x63
0x2D,Portamento Mode,INVARIANT,1,00,0x00,0x00,00:96,00,00:32,0x00,0x00,00,00:32,0x00,0x00,00,00:32,0x00,0x00
0x2E,Portamento Amount,VARIABLE,3,00 03 04,0x00,0x04,00:93 03:1 04:2,00,00:32,0x00,0x00,00,00:32,0x00,0x00,00 03 04,00:29 03:1 04:2,0x00,0x04
0x2F,LFO1 Wave,LIKELY_ENUM,3,00 01 02,0x00,0x02,00:91 01:1 02:4,00,00:32,0x00,0x00,00,00:32,0x00,0x00,00 01 02,00:27 01:1 02:4,0x00,0x02
0x30,LFO2 Wave,LIKELY_ENUM,2,00 02,0x00,0x02,00:91 02:5,00,00:32,0x00,0x00,00,00:32,0x00,0x00,00 02,00:27 02:5,0x00,0x02
0x31,LFO1 Speed,LIKELY_CONTINUOUS,12,00 02 03 04 16 17 1F 23 25 28 33 63,0x00,0x63,00:82 02:2 03:1 04:1 16:1 17:1 1F:1 23:1 25:1 28:1 33:1 63:3,00,00:32,0x00,0x00,00,00:32,0x00,0x00,00 02 03 04 16 17 1F 23 25 28 33 63,00:18 02:2 03:1 04:1 16:1 17:1 1F:1 23:1 25:1 28:1 33:1 63:3,0x00,0x63
0x32,LFO1 Amount,LIKELY_CONTINUOUS,16,00 01 05 06 07 0B 0E 11 13 1F 24 25 28 43 4C 63,0x00,0x63,00:79 01:1 05:2 06:1 07:1 0B:1 0E:1 11:1 13:1 1F:1 24:1 25:1 28:1 43:1 4C:1 63:2,00,00:32,0x00,0x00,00,00:32,0x00,0x00,00 01 05 06 07 0B 0E 11 13 1F 24 25 28 43 4C 63,00:15 01:1 05:2 06:1 07:1 0B:1 0E:1 11:1 13:1 1F:1 24:1 25:1 28:1 43:1 4C:1 63:2,0x00,0x63
0x33,LFO2 Speed,LIKELY_CONTINUOUS,8,00 01 0A 0C 16 1F 20 63,0x00,0x63,00:86 01:3 0A:1 0C:1 16:1 1F:2 20:1 63:1,00,00:32,0x00,0x00,00,00:32,0x00,0x00,00 01 0A 0C 16 1F 20 63,00:22 01:3 0A:1 0C:1 16:1 1F:2 20:1 63:1,0x00,0x63
0x34,LFO2 Amount,LIKELY_CONTINUOUS,16,00 08 0A 0C 0D 11 12 15 16 19 1C 21 22 2F 47 50,0x00,0x50,00:81 08:1 0A:1 0C:1 0D:1 11:1 12:1 15:1 16:1 19:1 1C:1 21:1 22:1 2F:1 47:1 50:1,00,00:32,0x00,0x00,00,00:32,0x00,0x00,00 08 0A 0C 0D 11 12 15 16 19 1C 21 22 2F 47 50,00:17 08:1 0A:1 0C:1 0D:1 11:1 12:1 15:1 16:1 19:1 1C:1 21:1 22:1 2F:1 47:1 50:1,0x00,0x50
0x35,LFO1 Destination,LIKELY_ENUM,2,00 01,0x00,0x01,00:25 01:71,01,01:32,0x01,0x01,01,01:32,0x01,0x01,00 01,00:25 01:7,0x00,0x01
0x36,Byte 0x36,UNKNOWN,1,00,0x00,0x00,00:96,00,00:32,0x00,0x00,00,00:32,0x00,0x00,00,00:32,0x00,0x00
0x37,Name[0],TEXT,21,33 35 41 43 44 45 46 48 49 4A 4C 4E 4F 50 51 52 53 54 57 59 5A,0x33,0x5A,33:1 35:1 41:3 43:2 44:3 45:33 46:4 48:2 49:32 4A:1 4C:1 4E:1 4F:1 50:1 51:1 52:1 53:3 54:2 57:1 59:1 5A:1,45,45:32,0x45,0x45,49,49:32,0x49,0x49,33 35 41 43 44 45 46 48 4A 4C 4E 4F 50 51 52 53 54 57 59 5A,33:1 35:1 41:3 43:2 44:3 45:1 46:4 48:2 4A:1 4C:1 4E:1 4F:1 50:1 51:1 52:1 53:3 54:2 57:1 59:1 5A:1,0x33,0x5A
0x38,Name[1],TEXT,17,33 41 42 43 45 46 49 4C 4D 4E 4F 51 52 53 54 55 56,0x33,0x56,33:1 41:4 42:1 43:1 45:3 46:1 49:1 4C:1 4D:33 4E:33 4F:3 51:1 52:5 53:1 54:2 55:4 56:1,4D,4D:32,0x4D,0x4D,4E,4E:32,0x4E,0x4E,33 41 42 43 45 46 49 4C 4D 4E 4F 51 52 53 54 55 56,33:1 41:4 42:1 43:1 45:3 46:1 49:1 4C:1 4D:1 4E:1 4F:3 51:1 52:5 53:1 54:2 55:4 56:1,0x33,0x56
0x39,Name[2],TEXT,18,20 2E 33 38 41 42 44 45 48 49 4D 4E 4F 50 54 56 57 59,0x20,0x59,20:2 2E:1 33:2 38:1 41:5 42:1 44:1 45:2 48:3 49:32 4D:1 4E:1 4F:3 50:33 54:5 56:1 57:1 59:1,50,50:32,0x50,0x50,49,49:32,0x49,0x49,20 2E 33 38 41 42 44 45 48 4D 4E 4F 50 54 56 57 59,20:2 2E:1 33:2 38:1 41:5 42:1 44:1 45:2 48:3 4D:1 4E:1 4F:3 50:1 54:5 56:1 57:1 59:1,0x20,0x59
0x3A,Name[3],TEXT,16,20 38 42 43 44 45 46 4C 4D 4E 4F 50 53 54 55 57,0x20,0x57,20:5 38:1 42:1 43:2 44:1 45:1 46:1 4C:5 4D:2 4E:2 4F:2 50:2 53:2 54:66 55:1 57:2,54,54:32,0x54,0x54,54,54:32,0x54,0x54,20 38 42 43 44 45 46 4C 4D 4E 4F 50 53 54 55 57,20:5 38:1 42:1 43:2 44:1 45:1 46:1 4C:5 4D:2 4E:2 4F:2 50:2 53:2 54:2 55:1 57:2,0x20,0x57
0x3B,Name[4],TEXT,15,20 2B 42 44 45 47 49 4C 4D 4E 4F 50 55 56 59,0x20,0x59,20:36 2B:1 42:3 44:1 45:5 47:1 49:2 4C:3 4D:1 4E:1 4F:3 50:2 55:1 56:2 59:34,59,59:32,0x59,0x59,20,20:32,0x20,0x20,20 2B 42 44 45 47 49 4C 4D 4E 4F 50 55 56 59,20:4 2B:1 42:3 44:1 45:5 47:1 49:2 4C:3 4D:1 4E:1 4F:3 50:2 55:1 56:2 59:2,0x20,0x59
0x3C,Name[5],TEXT,14,20 2B 41 42 44 45 46 4C 4E 50 52 53 55 5A,0x20,0x5A,20:34 2B:1 41:6 42:1 44:1 45:4 46:1 4C:5 4E:1 50:4 52:3 53:33 55:1 5A:1,20,20:32,0x20,0x20,53,53:32,0x53,0x53,20 2B 41 42 44 45 46 4C 4E 50 52 53 55 5A,20:2 2B:1 41:6 42:1 44:1 45:4 46:1 4C:5 4E:1 50:4 52:3 53:1 55:1 5A:1,0x20,0x5A
0x3D,Name[6],TEXT,12,20 41 43 44 45 47 4C 4D 52 53 54 55,0x20,0x55,20:36 41:39 43:1 44:4 45:5 47:1 4C:2 4D:1 52:1 53:4 54:1 55:1,20,20:32,0x20,0x20,41,41:32,0x41,0x41,20 41 43 44 45 47 4C 4D 52 53 54 55,20:4 41:7 43:1 44:4 45:5 47:1 4C:2 4D:1 52:1 53:4 54:1 55:1,0x20,0x55
0x3E,Name[7],TEXT,14,20 21 39 3E 41 44 45 48 4B 4C 4D 52 53 57,0x20,0x57,20:39 21:1 39:1 3E:1 41:5 44:7 45:1 48:1 4B:1 4C:1 4D:1 52:1 53:4 57:32,20,20:32,0x20,0x20,57,57:32,0x57,0x57,20 21 39 3E 41 44 45 48 4B 4C 4D 52 53,20:7 21:1 39:1 3E:1 41:5 44:7 45:1 48:1 4B:1 4C:1 4D:1 52:1 53:4,0x20,0x53
0x3F,Name[8],TEXT,8,20 23 32 44 4C 52 53 59,0x20,0x59,20:85 23:1 32:1 44:5 4C:1 52:1 53:1 59:1,20,20:32,0x20,0x20,20,20:32,0x20,0x20,20 23 32 44 4C 52 53 59,20:21 23:1 32:1 44:5 4C:1 52:1 53:1 59:1,0x20,0x59
